"ID","Set","Category","Card Type","Level","Suggested Mode","Depth","Prompt","Design Treatment","Facilitator Note","Rationale"
"ICE-01","Base Deck","Icebreaker","Question","Level 1","Strangers","Low","What color represents your current mood?","Warm Cream","Suitable for early playtesting.","A gentle self-expression opener."
"ICE-02","Base Deck","Icebreaker","Question","Level 1","Speed","Low","Coffee, tea, or neither?","Warm Cream","Suitable for early playtesting.","Simple preference with room for personality."
"ICE-03","Base Deck","Icebreaker","Question","Level 1","Strangers","Low","What app do you use most, and what does it say about you?","Warm Cream","Suitable for early playtesting.","Modern, playful, and revealing."
"ICE-04","Base Deck","Icebreaker","Question","Level 1","All","Low","What is one tiny thing that made today better?","Warm Cream","Suitable for early playtesting.","Builds warmth through ordinary gratitude."
"ICE-05","Base Deck","Icebreaker","Question","Level 1","All","Low","What is a song that always changes your mood?","Warm Cream","Suitable for early playtesting.","Music is an easy bridge into memory."
"ICE-06","Base Deck","Icebreaker","Question","Level 1","All","Medium","What question do you wish people asked you more often?","Warm Cream","Suitable for early playtesting.","Invites agency without forcing depth."
"ICE-07","Base Deck","Icebreaker","Question","Level 1","Strangers","Low","What is your current comfort show, meal, or ritual?","Warm Cream","Suitable for early playtesting.","Creates immediate relatability."
"ICE-08","Base Deck","Icebreaker","Question","Level 1","Teams","Low","What is something you are surprisingly good at?","Warm Cream","Suitable for early playtesting.","Light self-disclosure with confidence."
"ICE-09","Base Deck","Icebreaker","Question","Level 1","All","Low","What is the best compliment you have received recently?","Warm Cream","Suitable for early playtesting.","Opens positive reflection."
"ICE-10","Base Deck","Icebreaker","Question","Level 1","All","Medium","What is a place that instantly makes you feel more like yourself?","Warm Cream","Suitable for early playtesting.","Starts place-based storytelling."
"ICE-11","Base Deck","Icebreaker","Question","Level 2","Strangers","Low","What small object would explain your personality?","Warm Cream","Suitable for early playtesting.","Concrete and visual for groups or video."
"ICE-12","Base Deck","Icebreaker","Question","Level 2","All","Low","What is one thing you always notice first about a room?","Warm Cream","Suitable for early playtesting.","Accessible, sensory, and revealing."
"ICE-13","Base Deck","Icebreaker","Question","Level 2","Family","Medium","What was your favorite way to play as a child?","Warm Cream","Suitable for early playtesting.","Light nostalgia with emotional texture."
"ICE-14","Base Deck","Icebreaker","Question","Level 2","Strangers","Low","What is a trend you secretly understand?","Warm Cream","Suitable for early playtesting.","Gen Z-friendly and playful."
"ICE-15","Base Deck","Icebreaker","Question","Level 2","All","Low","What is something you used to dislike but now love?","Warm Cream","Suitable for early playtesting.","Safe way to discuss change."
"ICE-16","Base Deck","Icebreaker","Question","Level 2","Strangers","Low","What is your ideal low-pressure hangout?","Warm Cream","Suitable for early playtesting.","Reveals social needs gently."
"ICE-17","Base Deck","Icebreaker","Question","Level 2","All","Medium","What is a word people use to describe you that feels accurate?","Warm Cream","Suitable for early playtesting.","Introduces self-perception."
"ICE-18","Base Deck","Icebreaker","Question","Level 2","All","Medium","What is a word people use to describe you that feels wrong?","Warm Cream","Suitable for early playtesting.","Adds nuance without becoming too heavy."
"ICE-19","Base Deck","Icebreaker","Question","Level 2","Teams","Low","What is one thing you would teach a room full of strangers?","Warm Cream","Suitable for early playtesting.","Invites expertise and identity."
"ICE-20","Base Deck","Icebreaker","Question","Level 2","All","Medium","What is your favorite kind of silence?","Warm Cream","Suitable for early playtesting.","A poetic entry into comfort and connection."
"ICE-21","Base Deck","Icebreaker","Question","Level 3","All","Low","What is something that makes you laugh faster than it should?","Warm Cream","Suitable for early playtesting.","Fast path to warmth."
"ICE-22","Base Deck","Icebreaker","Question","Level 3","Family","Low","What is a food memory you still think about?","Warm Cream","Suitable for early playtesting.","Sensory, personal, and inclusive."
"ICE-23","Base Deck","Icebreaker","Question","Level 3","All","Medium","What is a tiny rule you live by?","Warm Cream","Suitable for early playtesting.","Reveals values in a compact way."
"ICE-24","Base Deck","Icebreaker","Question","Level 3","Friends","Low","What would your friends say is your signature move?","Warm Cream","Suitable for early playtesting.","Playful self-awareness."
"ICE-25","Base Deck","Icebreaker","Question","Level 3","All","Low","What is something you are currently curious about?","Warm Cream","Suitable for early playtesting.","Opens future-oriented conversation."
"ICE-26","Base Deck","Icebreaker","Question","Level 3","Speed","Low","What is your favorite way to make a boring day better?","Warm Cream","Suitable for early playtesting.","Useful and easy to answer."
"ICE-27","Base Deck","Icebreaker","Question","Level 3","Strangers","Medium","What is a place online that feels strangely comforting?","Warm Cream","Suitable for early playtesting.","Modern connection lens."
"ICE-28","Base Deck","Icebreaker","Question","Level 3","All","Medium","What is one thing you would put in a care package for yourself?","Warm Cream","Suitable for early playtesting.","Gentle self-knowledge."
"ICE-29","Base Deck","Icebreaker","Question","Level 3","Teams","Low","What is a harmless hill you will die on?","Warm Cream","Suitable for early playtesting.","Playful debate starter."
"ICE-30","Base Deck","Icebreaker","Question","Level 3","All","Medium","What is one good thing people often miss about you?","Warm Cream","Suitable for early playtesting.","Soft invitation into being seen."
"CON-01","Base Deck","Connection","Question","Level 1","All","Medium","What is a lesson you learned the hard way?","Muted Teal","Suitable for early playtesting.","Encourages story and wisdom."
"CON-02","Base Deck","Connection","Question","Level 1","All","Medium","Who in your life makes you feel most understood?","Muted Teal","Suitable for early playtesting.","Surfaces models of connection."
"CON-03","Base Deck","Connection","Question","Level 1","Deep Dive","High","What is something you are still learning to say out loud?","Muted Teal","Best after trust has warmed up; passing is always allowed.","Naming vulnerability with choice."
"CON-04","Base Deck","Connection","Question","Level 1","All","Medium","What belief did you used to hold, but no longer do?","Muted Teal","Suitable for early playtesting.","Tracks growth and perspective."
"CON-05","Base Deck","Connection","Question","Level 1","Deep Dive","High","When was the last time you felt truly seen?","Muted Teal","Best after trust has warmed up; passing is always allowed.","Core brand-level question."
"CON-06","Base Deck","Connection","Question","Level 1","All","High","What is one thing you wish people knew about your story?","Muted Teal","Best after trust has warmed up; passing is always allowed.","Deep but open-ended."
"CON-07","Base Deck","Connection","Question","Level 1","Couples","Medium","What kind of support is easiest for you to receive?","Muted Teal","Suitable for early playtesting.","Practical intimacy."
"CON-08","Base Deck","Connection","Question","Level 1","Deep Dive","High","What kind of support is hardest for you to ask for?","Muted Teal","Best after trust has warmed up; passing is always allowed.","Useful for trusted groups."
"CON-09","Base Deck","Connection","Question","Level 1","Friends","Medium","What is a friendship you are grateful for right now?","Muted Teal","Suitable for early playtesting.","Positive relational reflection."
"CON-10","Base Deck","Connection","Question","Level 1","Deep Dive","High","What is a friendship you still think about?","Muted Teal","Best after trust has warmed up; passing is always allowed.","Allows grief, nostalgia, or warmth."
"CON-11","Base Deck","Connection","Question","Level 2","Deep Dive","High","What does trust feel like in your body?","Muted Teal","Best after trust has warmed up; passing is always allowed.","Somatic but accessible."
"CON-12","Base Deck","Connection","Question","Level 2","All","High","What makes you feel safe enough to be honest?","Muted Teal","Best after trust has warmed up; passing is always allowed.","Names conditions for depth."
"CON-13","Base Deck","Connection","Question","Level 2","Teams","Medium","What is something you admire in people that you are working on yourself?","Muted Teal","Suitable for early playtesting.","Humility and aspiration."
"CON-14","Base Deck","Connection","Question","Level 2","Family","High","Who taught you how to love, directly or indirectly?","Muted Teal","Best after trust has warmed up; passing is always allowed.","Big emotional storytelling."
"CON-15","Base Deck","Connection","Question","Level 2","All","High","What is a boundary you are proud of learning?","Muted Teal","Best after trust has warmed up; passing is always allowed.","Healthy growth topic."
"CON-16","Base Deck","Connection","Question","Level 2","Deep Dive","High","What is something you wish you had been thanked for?","Muted Teal","Best after trust has warmed up; passing is always allowed.","Recognition and unseen labor."
"CON-17","Base Deck","Connection","Question","Level 2","All","Medium","When do you feel easiest to be around?","Muted Teal","Suitable for early playtesting.","Self-awareness and social rhythms."
"CON-18","Base Deck","Connection","Question","Level 2","Deep Dive","High","When do you become hardest to reach?","Muted Teal","Best after trust has warmed up; passing is always allowed.","Gentle accountability."
"CON-19","Base Deck","Connection","Question","Level 2","Family","Medium","What is a memory that still makes you feel connected to someone?","Muted Teal","Suitable for early playtesting.","Story-forward connection."
"CON-20","Base Deck","Connection","Question","Level 2","All","Medium","What is something small someone did that stayed with you?","Muted Teal","Suitable for early playtesting.","Highlights micro-kindness."
"CON-21","Base Deck","Connection","Question","Level 3","Couples","High","What does a good apology sound like to you?","Muted Teal","Best after trust has warmed up; passing is always allowed.","Conflict literacy."
"CON-22","Base Deck","Connection","Question","Level 3","All","Medium","What do you hope people feel after spending time with you?","Muted Teal","Suitable for early playtesting.","Identity and intention."
"CON-23","Base Deck","Connection","Question","Level 3","Deep Dive","High","What is a part of your personality you protect carefully?","Muted Teal","Best after trust has warmed up; passing is always allowed.","Vulnerability with boundaries."
"CON-24","Base Deck","Connection","Question","Level 3","All","Medium","What is something you have outgrown socially?","Muted Teal","Suitable for early playtesting.","Maturity and changing needs."
"CON-25","Base Deck","Connection","Question","Level 3","Strangers","Medium","What kind of conversation makes you lose track of time?","Muted Teal","Suitable for early playtesting.","Natural segue into shared interests."
"CON-26","Base Deck","Connection","Question","Level 3","Deep Dive","High","What is one way loneliness has shaped you?","Muted Teal","Best after trust has warmed up; passing is always allowed.","Directly tied to mission."
"CON-27","Base Deck","Connection","Question","Level 3","All","Medium","What is one way connection has surprised you?","Muted Teal","Suitable for early playtesting.","Balances the loneliness theme."
"CON-28","Base Deck","Connection","Question","Level 3","All","High","What do you need more of from your people this season?","Muted Teal","Best after trust has warmed up; passing is always allowed.","Timely and relational."
"CON-29","Base Deck","Connection","Question","Level 3","Groups","Medium","What is one thing you want to understand better about someone here?","Muted Teal","Suitable for early playtesting.","Promotes direct curiosity."
"CON-30","Base Deck","Connection","Question","Level 3","Deep Dive","High","What would feeling closer look like tonight?","Muted Teal","Best after trust has warmed up; passing is always allowed.","Useful end-of-round intimacy check."
"REF-01","Base Deck","Reflection","Question","Level 1","Deep Dive","High","Describe a moment you felt misunderstood.","Clay / Charcoal","Best after trust has warmed up; passing is always allowed.","Core self-insight prompt."
"REF-02","Base Deck","Reflection","Question","Level 1","Deep Dive","High","What is something you still need to heal from?","Clay / Charcoal","Best after trust has warmed up; passing is always allowed.","High-depth card with consent needed."
"REF-03","Base Deck","Reflection","Question","Level 1","All","High","What changed you more than you expected?","Clay / Charcoal","Best after trust has warmed up; passing is always allowed.","Strong story prompt."
"REF-04","Base Deck","Reflection","Question","Level 1","Deep Dive","High","What is a fear you still carry?","Clay / Charcoal","Best after trust has warmed up; passing is always allowed.","Classic reflective depth."
"REF-05","Base Deck","Reflection","Question","Level 1","All","Medium","When was your last moment of true peace?","Clay / Charcoal","Suitable for early playtesting.","Soft and image-rich."
"REF-06","Base Deck","Reflection","Question","Level 1","Deep Dive","High","What would disappoint your younger self, and what would they understand?","Clay / Charcoal","Best after trust has warmed up; passing is always allowed.","Nuanced growth question."
"REF-07","Base Deck","Reflection","Question","Level 1","All","High","What part of yourself are you trying to be kinder to?","Clay / Charcoal","Best after trust has warmed up; passing is always allowed.","Self-compassion focus."
"REF-08","Base Deck","Reflection","Question","Level 1","Deep Dive","High","What do you miss about who you used to be?","Clay / Charcoal","Best after trust has warmed up; passing is always allowed.","Allows grief without prescribing it."
"REF-09","Base Deck","Reflection","Question","Level 1","All","Medium","What do you not miss about who you used to be?","Clay / Charcoal","Suitable for early playtesting.","Empowering reflection."
"REF-10","Base Deck","Reflection","Question","Level 1","Deep Dive","High","What is a lie you once believed about yourself?","Clay / Charcoal","Best after trust has warmed up; passing is always allowed.","Identity repair."
"REF-11","Base Deck","Reflection","Question","Level 2","All","Medium","What is something you are learning not to chase?","Clay / Charcoal","Suitable for early playtesting.","Modern and reflective."
"REF-12","Base Deck","Reflection","Question","Level 2","All","Medium","What is something you are learning to let be enough?","Clay / Charcoal","Suitable for early playtesting.","Gentle values prompt."
"REF-13","Base Deck","Reflection","Question","Level 2","Deep Dive","High","What emotion do you find hardest to admit?","Clay / Charcoal","Best after trust has warmed up; passing is always allowed.","Builds emotional vocabulary."
"REF-14","Base Deck","Reflection","Question","Level 2","All","Medium","What emotion visits you most often lately?","Clay / Charcoal","Suitable for early playtesting.","Current-state reflection."
"REF-15","Base Deck","Reflection","Question","Level 2","Deep Dive","High","What do you do when you feel left out?","Clay / Charcoal","Best after trust has warmed up; passing is always allowed.","Mission-aligned and useful."
"REF-16","Base Deck","Reflection","Question","Level 2","All","Medium","What do you wish people understood about your quiet moments?","Clay / Charcoal","Suitable for early playtesting.","Introversion/withdrawal nuance."
"REF-17","Base Deck","Reflection","Question","Level 2","Deep Dive","High","What are you proud of surviving quietly?","Clay / Charcoal","Best after trust has warmed up; passing is always allowed.","Recognition without requiring details."
"REF-18","Base Deck","Reflection","Question","Level 2","Teams","Medium","What is a version of success you are rethinking?","Clay / Charcoal","Suitable for early playtesting.","Good for personal or work contexts."
"REF-19","Base Deck","Reflection","Question","Level 2","All","Medium","What is one expectation you are ready to release?","Clay / Charcoal","Suitable for early playtesting.","Growth-oriented."
"REF-20","Base Deck","Reflection","Question","Level 2","Deep Dive","High","What is one thing your body has been trying to tell you?","Clay / Charcoal","Best after trust has warmed up; passing is always allowed.","Somatic reflection, non-clinical."
"REF-21","Base Deck","Reflection","Question","Level 3","Family","High","What did you need more of growing up?","Clay / Charcoal","Best after trust has warmed up; passing is always allowed.","Deep family/care prompt."
"REF-22","Base Deck","Reflection","Question","Level 3","Family","Medium","What did you get growing up that still helps you now?","Clay / Charcoal","Suitable for early playtesting.","Balances deficit with strength."
"REF-23","Base Deck","Reflection","Question","Level 3","Deep Dive","High","What is a memory you avoid, and what does it ask of you?","Clay / Charcoal","Best after trust has warmed up; passing is always allowed.","Intense; for trusted play."
"REF-24","Base Deck","Reflection","Question","Level 3","All","High","What is a dream you changed without telling many people?","Clay / Charcoal","Best after trust has warmed up; passing is always allowed.","Invites identity transition stories."
"REF-25","Base Deck","Reflection","Question","Level 3","Deep Dive","High","What part of your life feels most unfinished?","Clay / Charcoal","Best after trust has warmed up; passing is always allowed.","Open, existential reflection."
"REF-26","Base Deck","Reflection","Question","Level 3","All","Medium","What part of your life feels more complete than before?","Clay / Charcoal","Suitable for early playtesting.","Hopeful counterweight."
"REF-27","Base Deck","Reflection","Question","Level 3","Deep Dive","High","What do you forgive yourself for a little more now?","Clay / Charcoal","Best after trust has warmed up; passing is always allowed.","Soft repair."
"REF-28","Base Deck","Reflection","Question","Level 3","Deep Dive","High","What are you still waiting to hear from someone?","Clay / Charcoal","Best after trust has warmed up; passing is always allowed.","Powerful, optional vulnerability."
"REF-29","Base Deck","Reflection","Question","Level 3","All","High","What is something you can finally name?","Clay / Charcoal","Best after trust has warmed up; passing is always allowed.","Invites insight and language."
"REF-30","Base Deck","Reflection","Question","Level 3","All","Medium","What would your future self thank you for protecting?","Clay / Charcoal","Suitable for early playtesting.","Forward-looking self-care."
"CHA-01","Base Deck","Challenge","Question","Level 1","Deep Dive","High","Share something honest you usually soften for other people.","Sunset Coral","Best after trust has warmed up; passing is always allowed.","Brave but not reckless."
"CHA-02","Base Deck","Challenge","Question","Level 1","Groups","Medium","Tell the group one compliment you have been holding back.","Sunset Coral","Suitable for early playtesting.","Creates warmth in-room."
"CHA-03","Base Deck","Challenge","Question","Level 1","All","Medium","Ask someone here a follow-up question you genuinely care about.","Sunset Coral","Suitable for early playtesting.","Teaches deeper listening."
"CHA-04","Base Deck","Challenge","Question","Level 1","Speed","Low","Share an embarrassing but funny story.","Sunset Coral","Suitable for early playtesting.","Energy and levity."
"CHA-05","Base Deck","Challenge","Question","Level 1","Groups","Medium","Give someone else the card you think they should answer.","Sunset Coral","Suitable for early playtesting.","Interactive dynamic."
"CHA-06","Base Deck","Challenge","Question","Level 1","Groups","Medium","Say one thing you are grateful for about this room.","Sunset Coral","Suitable for early playtesting.","Grounds shared experience."
"CHA-07","Base Deck","Challenge","Question","Level 1","Groups","Medium","Pick one person and ask what they want to be known for.","Sunset Coral","Suitable for early playtesting.","Direct, affirming question."
"CHA-08","Base Deck","Challenge","Question","Level 1","Speed","Low","Answer your card in exactly seven words.","Sunset Coral","Suitable for early playtesting.","Playful constraint."
"CHA-09","Base Deck","Challenge","Question","Level 1","Groups","Medium","Let another player choose whether you answer lightly or deeply.","Sunset Coral","Suitable for early playtesting.","Adds playful agency."
"CHA-10","Base Deck","Challenge","Question","Level 1","Deep Dive","High","Tell the truth, then tell the gentler version you usually use.","Sunset Coral","Best after trust has warmed up; passing is always allowed.","Explores social masking."
"CHA-11","Base Deck","Challenge","Question","Level 2","Groups","Medium","Give a two-sentence toast to someone here.","Sunset Coral","Suitable for early playtesting.","Affectionate performance."
"CHA-12","Base Deck","Challenge","Question","Level 2","Groups","Medium","Ask the person opposite you what they want more of this year.","Sunset Coral","Suitable for early playtesting.","Easy direct connection."
"CHA-13","Base Deck","Challenge","Question","Level 2","All","High","Name something you are avoiding, without explaining it.","Sunset Coral","Best after trust has warmed up; passing is always allowed.","Brave but bounded."
"CHA-14","Base Deck","Challenge","Question","Level 2","Deep Dive","High","Share a sentence you wish someone had said to you earlier.","Sunset Coral","Best after trust has warmed up; passing is always allowed.","Emotional but concise."
"CHA-15","Base Deck","Challenge","Question","Level 2","Groups","Medium","Let the group ask you one yes-or-no question.","Sunset Coral","Suitable for early playtesting.","Interactive and safe."
"CHA-16","Base Deck","Challenge","Question","Level 2","Groups","Medium","Choose someone to answer: what do you think I care about?","Sunset Coral","Suitable for early playtesting.","Invites being perceived."
"CHA-17","Base Deck","Challenge","Question","Level 2","Deep Dive","High","Say one thing you want to be brave enough to ask for.","Sunset Coral","Best after trust has warmed up; passing is always allowed.","Vulnerability plus desire."
"CHA-18","Base Deck","Challenge","Question","Level 2","Groups","Low","Trade cards with someone whose energy you are curious about.","Sunset Coral","Suitable for early playtesting.","Light movement and curiosity."
"CHA-19","Base Deck","Challenge","Question","Level 2","Deep Dive","High","Answer as your past self, then as your current self.","Sunset Coral","Best after trust has warmed up; passing is always allowed.","Creative reflection."
"CHA-20","Base Deck","Challenge","Question","Level 2","Groups","Low","Ask the group: what is a small joy I should try?","Sunset Coral","Suitable for early playtesting.","Community-generated care."
"CHA-21","Base Deck","Challenge","Question","Level 3","All","Medium","Give advice to the person you were one year ago.","Sunset Coral","Suitable for early playtesting.","Reflective performance."
"CHA-22","Base Deck","Challenge","Question","Level 3","All","Medium","Give advice to the person you will be one year from now.","Sunset Coral","Suitable for early playtesting.","Forward-looking challenge."
"CHA-23","Base Deck","Challenge","Question","Level 3","Deep Dive","High","Share one thing you are ready to stop pretending about.","Sunset Coral","Best after trust has warmed up; passing is always allowed.","Bold identity card."
"CHA-24","Base Deck","Challenge","Question","Level 3","Groups","High","Pick someone and say what you hope they remember from tonight.","Sunset Coral","Best after trust has warmed up; passing is always allowed.","Strong closing moment."
"CHA-25","Base Deck","Challenge","Question","Level 3","Deep Dive","High","Ask someone to repeat back what they heard in your answer.","Sunset Coral","Best after trust has warmed up; passing is always allowed.","Builds active listening."
"CHA-26","Base Deck","Challenge","Question","Level 3","Family","Low","Let the youngest person choose the next category.","Sunset Coral","Suitable for early playtesting.","Age-bridging group mechanic."
"CHA-27","Base Deck","Challenge","Question","Level 3","Family","Low","Let the oldest person choose who answers next.","Sunset Coral","Suitable for early playtesting.","Age-bridging group mechanic."
"CHA-28","Base Deck","Challenge","Question","Level 3","Speed","Low","Answer without using the words fine, busy, or tired.","Sunset Coral","Suitable for early playtesting.","Breaks default social scripts."
"CHA-29","Base Deck","Challenge","Question","Level 3","Deep Dive","High","Invite someone to challenge your first answer with one follow-up.","Sunset Coral","Best after trust has warmed up; passing is always allowed.","Encourages depth with permission."
"CHA-30","Base Deck","Challenge","Question","Level 3","Deep Dive","High","Close your answer with: what I need now is...","Sunset Coral","Best after trust has warmed up; passing is always allowed.","Turns reflection into a clear need."
"WIL-01","Base Deck","Wildcard","Wildcard","Level 1","Groups","Low","Everyone answers this card in one sentence.","Charcoal / Cream","Suitable for early playtesting.","Quickly includes the whole table."
"WIL-02","Base Deck","Wildcard","Wildcard","Level 1","Groups","Low","Swap seats with someone you know least about.","Charcoal / Cream","Suitable for early playtesting.","Shifts group dynamics gently."
"WIL-03","Base Deck","Wildcard","Wildcard","Level 1","Groups","Medium","Ask another player to answer your current card.","Charcoal / Cream","Suitable for early playtesting.","Creates perspective and choice."
"WIL-04","Base Deck","Wildcard","Wildcard","Level 1","Groups","Medium","Pick one person to ask you any question from the deck.","Charcoal / Cream","Suitable for early playtesting.","Adds player agency and surprise."
"WIL-05","Base Deck","Wildcard","Wildcard","Level 1","Groups","Low","Trade your current card with the person to your left.","Charcoal / Cream","Suitable for early playtesting.","Keeps the room playful."
"WIL-06","Base Deck","Wildcard","Wildcard","Level 1","All","Low","Pause for ten seconds before anyone answers.","Charcoal / Cream","Suitable for early playtesting.","Slows the pace and deepens listening."
"WIL-07","Base Deck","Wildcard","Wildcard","Level 1","Groups","Medium","Choose the next category for someone else.","Charcoal / Cream","Suitable for early playtesting.","Adds interaction while keeping structure."
"WIL-08","Base Deck","Wildcard","Wildcard","Level 1","Speed","Low","Answer the next card in exactly one sentence.","Charcoal / Cream","Suitable for early playtesting.","Creates a light constraint."
"WIL-09","Base Deck","Wildcard","Wildcard","Level 1","All","Medium","Skip your answer and ask someone a follow-up instead.","Charcoal / Cream","Suitable for early playtesting.","Rewards curiosity over performance."
"WIL-10","Base Deck","Wildcard","Wildcard","Level 1","All","Low","Return to Icebreaker for one round.","Charcoal / Cream","Suitable for early playtesting.","Lets the group soften the intensity."
"WIL-11","Base Deck","Wildcard","Wildcard","Level 2","Groups","Medium","Pair up for the next answer, then share one thing you heard.","Charcoal / Cream","Suitable for early playtesting.","Creates smaller, safer exchanges."
"WIL-12","Base Deck","Wildcard","Wildcard","Level 2","Groups","Medium","Everyone names one feeling in the room.","Charcoal / Cream","Suitable for early playtesting.","Builds shared emotional awareness."
"WIL-13","Base Deck","Wildcard","Wildcard","Level 2","Groups","Medium","The person to your right asks one follow-up.","Charcoal / Cream","Suitable for early playtesting.","Makes deeper listening automatic."
"WIL-14","Base Deck","Wildcard","Wildcard","Level 2","All","Low","Draw two cards and choose the one you want to answer.","Charcoal / Cream","Suitable for early playtesting.","Protects consent and choice."
"WIL-15","Base Deck","Wildcard","Wildcard","Level 2","Groups","Medium","The group chooses: light, honest, or deep.","Charcoal / Cream","Suitable for early playtesting.","Lets the table tune the level together."
"WIL-16","Base Deck","Wildcard","Wildcard","Level 2","Groups","Medium","Pass this card to someone who has not spoken recently.","Charcoal / Cream","Suitable for early playtesting.","Opens space without forcing disclosure."
"WIL-17","Base Deck","Wildcard","Wildcard","Level 2","All","Low","Take a breath, then answer slower than usual.","Charcoal / Cream","Suitable for early playtesting.","Creates presence and pacing."
"WIL-18","Base Deck","Wildcard","Wildcard","Level 2","Deep Dive","High","After your answer, ask: what did you hear me say?","Charcoal / Cream","Best after trust has warmed up; passing is always allowed.","Encourages active listening."
"WIL-19","Base Deck","Wildcard","Wildcard","Level 2","Groups","Low","Everyone says one word they are taking from this round.","Charcoal / Cream","Suitable for early playtesting.","Creates a simple transition."
"WIL-20","Base Deck","Wildcard","Wildcard","Level 2","Groups","Medium","Close this round by naming one thing you appreciate.","Charcoal / Cream","Suitable for early playtesting.","Ends with warmth and recognition."
"RUL-01","Base Deck","Prompt / Rules","Prompt","Level 1","Rules","Low","Start with Icebreaker cards for one round.","Soft Cream / Charcoal","Suitable for early playtesting.","Guides gentle entry."
"RUL-02","Base Deck","Prompt / Rules","Prompt","Level 1","Rules","Low","Move deeper only when everyone agrees.","Soft Cream / Charcoal","Suitable for early playtesting.","Sets consent as a game norm."
"RUL-03","Base Deck","Prompt / Rules","Prompt","Level 1","Rules","Low","Anyone can pass, pause, or ask for a gentler card.","Soft Cream / Charcoal","Suitable for early playtesting.","Protects safety and autonomy."
"RUL-04","Base Deck","Prompt / Rules","Prompt","Level 1","Rules","Low","Ask one follow-up before drawing again.","Soft Cream / Charcoal","Suitable for early playtesting.","Encourages listening."
"RUL-05","Base Deck","Prompt / Rules","Prompt","Level 1","Rules","Low","End with each player sharing one takeaway.","Soft Cream / Charcoal","Suitable for early playtesting.","Creates closure."
"RUL-06","Base Deck","Prompt / Rules","Prompt","Level 1","Rules","Low","Choose Strangers, Deep Dive, Speed, or Paired Mode.","Soft Cream / Charcoal","Suitable for early playtesting.","Frames modular play."
"RUL-07","Base Deck","Prompt / Rules","Prompt","Level 1","Rules","Low","Before playing, choose a depth level: light, honest, or deep.","Soft Cream / Charcoal","Suitable for early playtesting.","Helps the group calibrate."
"RUL-08","Base Deck","Prompt / Rules","Prompt","Level 1","Rules","Low","What is shared here stays here, unless someone says otherwise.","Soft Cream / Charcoal","Suitable for early playtesting.","Creates trust around privacy."
"RUL-09","Base Deck","Prompt / Rules","Prompt","Level 1","Rules","Low","Use a timer when the group needs pace; ignore it when the story needs room.","Soft Cream / Charcoal","Suitable for early playtesting.","Supports different contexts."
"RUL-10","Base Deck","Prompt / Rules","Prompt","Level 1","Rules","Medium","After the final card, ask: what changed between us?","Soft Cream / Charcoal","Suitable for early playtesting.","Connects gameplay to the mission."
"COU-01","Couples Edition","Couples Edition","Expansion","Level 1","Love & Affection","Medium","What does home feel like with me?","Rose Clay / Deep Teal","Suitable for early playtesting.","Centers warmth and belonging."
"COU-02","Couples Edition","Couples Edition","Expansion","Level 1","Love & Affection","Medium","What do I do that makes you feel most loved?","Rose Clay / Deep Teal","Suitable for early playtesting.","Makes love languages concrete."
"COU-03","Couples Edition","Couples Edition","Expansion","Level 1","Love & Affection","Low","What is one small habit of mine you secretly appreciate?","Rose Clay / Deep Teal","Suitable for early playtesting.","Invites noticing."
"COU-04","Couples Edition","Couples Edition","Expansion","Level 1","Love & Affection","Medium","When do you feel closest to me?","Rose Clay / Deep Teal","Suitable for early playtesting.","Identifies closeness cues."
"COU-05","Couples Edition","Couples Edition","Expansion","Level 1","Love & Affection","Medium","What is a compliment from me that would land right now?","Rose Clay / Deep Teal","Suitable for early playtesting.","Creates immediate repair or affection."
"COU-06","Couples Edition","Couples Edition","Expansion","Level 1","Love & Affection","High","What is something about us that still feels tender in a good way?","Rose Clay / Deep Teal","Best after trust has warmed up; passing is always allowed.","Names softness in the relationship."
"COU-07","Couples Edition","Couples Edition","Expansion","Level 1","Love & Affection","Medium","What is one ordinary moment with me you want more of?","Rose Clay / Deep Teal","Suitable for early playtesting.","Turns intimacy into small actions."
"COU-08","Couples Edition","Couples Edition","Expansion","Level 1","Love & Affection","Medium","How do you know I am really listening?","Rose Clay / Deep Teal","Suitable for early playtesting.","Builds relational awareness."
"COU-09","Couples Edition","Couples Edition","Expansion","Level 1","Conflict & Growth","High","What conflict pattern are we slowly outgrowing?","Rose Clay / Deep Teal","Best after trust has warmed up; passing is always allowed.","Frames conflict as progress."
"COU-10","Couples Edition","Couples Edition","Expansion","Level 1","Conflict & Growth","High","What do you need from me when we disagree?","Rose Clay / Deep Teal","Best after trust has warmed up; passing is always allowed.","Practical conflict support."
"COU-11","Couples Edition","Couples Edition","Expansion","Level 2","Conflict & Growth","Medium","What is a repair attempt from me that works?","Rose Clay / Deep Teal","Suitable for early playtesting.","Builds a shared repair language."
"COU-12","Couples Edition","Couples Edition","Expansion","Level 2","Conflict & Growth","High","What do you wish I understood about your stress?","Rose Clay / Deep Teal","Best after trust has warmed up; passing is always allowed.","Invites empathy around pressure."
"COU-13","Couples Edition","Couples Edition","Expansion","Level 2","Conflict & Growth","High","What topic do we avoid, and what would make it safer?","Rose Clay / Deep Teal","Best after trust has warmed up; passing is always allowed.","Names avoidance with consent."
"COU-14","Couples Edition","Couples Edition","Expansion","Level 2","Conflict & Growth","High","What is one apology you still remember from us?","Rose Clay / Deep Teal","Best after trust has warmed up; passing is always allowed.","Explores repair history."
"COU-15","Couples Edition","Couples Edition","Expansion","Level 2","Conflict & Growth","High","What boundary would help us love each other better?","Rose Clay / Deep Teal","Best after trust has warmed up; passing is always allowed.","Reframes boundaries as care."
"COU-16","Couples Edition","Couples Edition","Expansion","Level 2","Conflict & Growth","High","When do you feel alone even when we are together?","Rose Clay / Deep Teal","Best after trust has warmed up; passing is always allowed.","Directly addresses loneliness inside closeness."
"COU-17","Couples Edition","Couples Edition","Expansion","Level 2","Dreams & Desires","Medium","What dream do you want us to protect together?","Rose Clay / Deep Teal","Suitable for early playtesting.","Future-facing intimacy."
"COU-18","Couples Edition","Couples Edition","Expansion","Level 2","Dreams & Desires","Medium","What kind of life are we quietly building?","Rose Clay / Deep Teal","Suitable for early playtesting.","Creates shared narrative."
"COU-19","Couples Edition","Couples Edition","Expansion","Level 2","Dreams & Desires","Low","What is one adventure you want with me, big or small?","Rose Clay / Deep Teal","Suitable for early playtesting.","Light future planning."
"COU-20","Couples Edition","Couples Edition","Expansion","Level 2","Dreams & Desires","High","What part of your future do you want me to understand better?","Rose Clay / Deep Teal","Best after trust has warmed up; passing is always allowed.","Supports individual identity."
"COU-21","Couples Edition","Couples Edition","Expansion","Level 3","Dreams & Desires","High","What are you afraid to want too much?","Rose Clay / Deep Teal","Best after trust has warmed up; passing is always allowed.","Deep desire and vulnerability."
"COU-22","Couples Edition","Couples Edition","Expansion","Level 3","Dreams & Desires","Medium","What would make the next year feel meaningful for us?","Rose Clay / Deep Teal","Suitable for early playtesting.","Converts vision into time horizon."
"COU-23","Couples Edition","Couples Edition","Expansion","Level 3","Dreams & Desires","Medium","What do you hope we never stop doing?","Rose Clay / Deep Teal","Suitable for early playtesting.","Protects rituals."
"COU-24","Couples Edition","Couples Edition","Expansion","Level 3","Dreams & Desires","High","What would a braver version of us choose?","Rose Clay / Deep Teal","Best after trust has warmed up; passing is always allowed.","Bold decision prompt."
"COU-25","Couples Edition","Couples Edition","Expansion","Level 3","Shared Memories","High","What is a memory of us that changed how you saw me?","Rose Clay / Deep Teal","Best after trust has warmed up; passing is always allowed.","Story and perception."
"COU-26","Couples Edition","Couples Edition","Expansion","Level 3","Shared Memories","Medium","What is a small moment from our beginning you still keep?","Rose Clay / Deep Teal","Suitable for early playtesting.","Nostalgic and tender."
"COU-27","Couples Edition","Couples Edition","Expansion","Level 3","Shared Memories","Medium","When did we surprise ourselves as a pair?","Rose Clay / Deep Teal","Suitable for early playtesting.","Builds shared pride."
"COU-28","Couples Edition","Couples Edition","Expansion","Level 3","Shared Memories","High","What is a hard season we handled better than we knew?","Rose Clay / Deep Teal","Best after trust has warmed up; passing is always allowed.","Resilience reflection."
"COU-29","Couples Edition","Couples Edition","Expansion","Level 3","Shared Memories","Low","What photo of us deserves a longer story?","Rose Clay / Deep Teal","Suitable for early playtesting.","Accessible memory cue."
"COU-30","Couples Edition","Couples Edition","Expansion","Level 3","Shared Memories","Medium","What should we thank our past selves for?","Rose Clay / Deep Teal","Suitable for early playtesting.","Closes with gratitude and continuity."
"TEA-01","Teams Edition","Teams Edition","Expansion","Level 1","Teams","Low","What is one thing this team does really well?","Slate Teal / Cream","Suitable for early playtesting.","Starts with shared strength."
"TEA-02","Teams Edition","Teams Edition","Expansion","Level 1","Teams","Low","What helps you do your best work?","Slate Teal / Cream","Suitable for early playtesting.","Invites practical support."
"TEA-03","Teams Edition","Teams Edition","Expansion","Level 1","Teams","Medium","What drains your energy faster than people realize?","Slate Teal / Cream","Suitable for early playtesting.","Builds empathy around capacity."
"TEA-04","Teams Edition","Teams Edition","Expansion","Level 1","Teams","Medium","What kind of recognition feels meaningful to you?","Slate Teal / Cream","Suitable for early playtesting.","Improves appreciation rituals."
"TEA-05","Teams Edition","Teams Edition","Expansion","Level 1","Teams","Medium","What is a work value you refuse to outgrow?","Slate Teal / Cream","Suitable for early playtesting.","Surfaces principles."
"TEA-06","Teams Edition","Teams Edition","Expansion","Level 1","Teams","Medium","When do you feel most trusted at work?","Slate Teal / Cream","Suitable for early playtesting.","Names trust conditions."
"TEA-07","Teams Edition","Teams Edition","Expansion","Level 1","Teams","Low","What is a skill people on this team should ask you about?","Slate Teal / Cream","Suitable for early playtesting.","Maps hidden expertise."
"TEA-08","Teams Edition","Teams Edition","Expansion","Level 1","Teams","Low","What is one meeting habit you would happily retire?","Slate Teal / Cream","Suitable for early playtesting.","Useful and playful."
"TEA-09","Teams Edition","Teams Edition","Expansion","Level 1","Teams","High","What does psychological safety look like in a normal week?","Slate Teal / Cream","Best after trust has warmed up; passing is always allowed.","Turns a concept into behavior."
"TEA-10","Teams Edition","Teams Edition","Expansion","Level 1","Teams","High","What do you need from teammates when pressure is high?","Slate Teal / Cream","Best after trust has warmed up; passing is always allowed.","Supports stressful moments."
"TEA-11","Teams Edition","Teams Edition","Expansion","Level 2","Teams","High","What is something you find hard to say in work settings?","Slate Teal / Cream","Best after trust has warmed up; passing is always allowed.","Invites brave communication."
"TEA-12","Teams Edition","Teams Edition","Expansion","Level 2","Teams","Medium","What is one assumption people make about your working style?","Slate Teal / Cream","Suitable for early playtesting.","Clarifies collaboration."
"TEA-13","Teams Edition","Teams Edition","Expansion","Level 2","Teams","High","How do you prefer to receive hard feedback?","Slate Teal / Cream","Best after trust has warmed up; passing is always allowed.","Improves repair and learning."
"TEA-14","Teams Edition","Teams Edition","Expansion","Level 2","Teams","Medium","What is one decision this team should make more clearly?","Slate Teal / Cream","Suitable for early playtesting.","Focuses process improvement."
"TEA-15","Teams Edition","Teams Edition","Expansion","Level 2","Teams","High","What is one thing we should stop rewarding by accident?","Slate Teal / Cream","Best after trust has warmed up; passing is always allowed.","Surfaces culture debt."
"TEA-16","Teams Edition","Teams Edition","Expansion","Level 2","Teams","High","What is a sign you are close to burning out?","Slate Teal / Cream","Best after trust has warmed up; passing is always allowed.","Encourages prevention."
"TEA-17","Teams Edition","Teams Edition","Expansion","Level 2","Teams","Medium","What is one problem we are solving better than we used to?","Slate Teal / Cream","Suitable for early playtesting.","Builds momentum."
"TEA-18","Teams Edition","Teams Edition","Expansion","Level 2","Teams","High","What is a question this team avoids asking?","Slate Teal / Cream","Best after trust has warmed up; passing is always allowed.","Creates constructive tension."
"TEA-19","Teams Edition","Teams Edition","Expansion","Level 2","Teams","Medium","Where do we overcomplicate things?","Slate Teal / Cream","Suitable for early playtesting.","Improves execution."
"TEA-20","Teams Edition","Teams Edition","Expansion","Level 2","Teams","Low","What would make handoffs between us smoother?","Slate Teal / Cream","Suitable for early playtesting.","Practical collaboration card."
"TEA-21","Teams Edition","Teams Edition","Expansion","Level 3","Teams","Low","What is one small experiment this team should try?","Slate Teal / Cream","Suitable for early playtesting.","Turns talk into action."
"TEA-22","Teams Edition","Teams Edition","Expansion","Level 3","Teams","Medium","Who on this team helped you recently, and how?","Slate Teal / Cream","Suitable for early playtesting.","Creates visible appreciation."
"TEA-23","Teams Edition","Teams Edition","Expansion","Level 3","Teams","Medium","What do you wish new people understood about this team?","Slate Teal / Cream","Suitable for early playtesting.","Useful onboarding insight."
"TEA-24","Teams Edition","Teams Edition","Expansion","Level 3","Teams","Low","What is a team ritual worth protecting?","Slate Teal / Cream","Suitable for early playtesting.","Keeps positive culture alive."
"TEA-25","Teams Edition","Teams Edition","Expansion","Level 3","Teams","Low","If this team ran a cafe together, who would do what?","Slate Teal / Cream","Suitable for early playtesting.","Playful role reflection."
"TEA-26","Teams Edition","Teams Edition","Expansion","Level 3","Teams","Low","What is one thing we could celebrate more often?","Slate Teal / Cream","Suitable for early playtesting.","Lightens team culture."
"TEA-27","Teams Edition","Teams Edition","Expansion","Level 3","Teams","High","What is one tension we can name without solving tonight?","Slate Teal / Cream","Best after trust has warmed up; passing is always allowed.","Allows safe acknowledgement."
"TEA-28","Teams Edition","Teams Edition","Expansion","Level 3","Teams","Medium","What should we thank our future selves for fixing now?","Slate Teal / Cream","Suitable for early playtesting.","Forward-looking action."
"TEA-29","Teams Edition","Teams Edition","Expansion","Level 3","Teams","High","What is one promise this team should make to itself?","Slate Teal / Cream","Best after trust has warmed up; passing is always allowed.","Strong closing prompt."
"TEA-30","Teams Edition","Teams Edition","Expansion","Level 3","Teams","Medium","What would make this room feel more human?","Slate Teal / Cream","Suitable for early playtesting.","Mission-aligned workplace prompt."
"FAM-01","Family Edition","Family Edition","Expansion","Level 1","Family","Low","What story from our family gets told the most?","Sage / Clay","Suitable for early playtesting.","Easy shared memory."
"FAM-02","Family Edition","Family Edition","Expansion","Level 1","Family","Low","What is one family tradition you hope continues?","Sage / Clay","Suitable for early playtesting.","Names continuity."
"FAM-03","Family Edition","Family Edition","Expansion","Level 1","Family","Medium","What is one tradition you would gently redesign?","Sage / Clay","Suitable for early playtesting.","Invites change without attack."
"FAM-04","Family Edition","Family Edition","Expansion","Level 1","Family","Medium","Who in the family taught you something without realizing it?","Sage / Clay","Suitable for early playtesting.","Creates recognition."
"FAM-05","Family Edition","Family Edition","Expansion","Level 1","Family","Low","What meal, smell, or place feels like family to you?","Sage / Clay","Suitable for early playtesting.","Sensory and accessible."
"FAM-06","Family Edition","Family Edition","Expansion","Level 1","Family","Medium","What is something our family is good at surviving?","Sage / Clay","Suitable for early playtesting.","Builds resilience narrative."
"FAM-07","Family Edition","Family Edition","Expansion","Level 1","Family","High","What is something our family is still learning to talk about?","Sage / Clay","Best after trust has warmed up; passing is always allowed.","Names growth edge."
"FAM-08","Family Edition","Family Edition","Expansion","Level 1","Family","High","What did you need more of growing up?","Sage / Clay","Best after trust has warmed up; passing is always allowed.","Deep care prompt."
"FAM-09","Family Edition","Family Edition","Expansion","Level 1","Family","Medium","What did you receive growing up that still protects you?","Sage / Clay","Suitable for early playtesting.","Balances with gratitude."
"FAM-10","Family Edition","Family Edition","Expansion","Level 1","Family","Medium","What is one thing younger people here understand better than older people think?","Sage / Clay","Suitable for early playtesting.","Bridges generations."
"FAM-11","Family Edition","Family Edition","Expansion","Level 2","Family","Medium","What is one thing older people here understand better than younger people think?","Sage / Clay","Suitable for early playtesting.","Bridges generations."
"FAM-12","Family Edition","Family Edition","Expansion","Level 2","Family","Low","What is a family phrase you can hear in someone's voice?","Sage / Clay","Suitable for early playtesting.","Playful recognition."
"FAM-13","Family Edition","Family Edition","Expansion","Level 2","Family","Medium","What is something you want to ask across generations?","Sage / Clay","Suitable for early playtesting.","Encourages curiosity."
"FAM-14","Family Edition","Family Edition","Expansion","Level 2","Family","High","When do you feel most accepted by this family?","Sage / Clay","Best after trust has warmed up; passing is always allowed.","Names belonging."
"FAM-15","Family Edition","Family Edition","Expansion","Level 2","Family","High","When do you feel least understood by this family?","Sage / Clay","Best after trust has warmed up; passing is always allowed.","Names distance carefully."
"FAM-16","Family Edition","Family Edition","Expansion","Level 2","Family","High","What is one family role you are ready to loosen?","Sage / Clay","Best after trust has warmed up; passing is always allowed.","Supports growth."
"FAM-17","Family Edition","Family Edition","Expansion","Level 2","Family","Medium","What is one family role you are proud to carry?","Sage / Clay","Suitable for early playtesting.","Honors identity."
"FAM-18","Family Edition","Family Edition","Expansion","Level 2","Family","Medium","What is a memory with us that you hope no one forgets?","Sage / Clay","Suitable for early playtesting.","Shared memory card."
"FAM-19","Family Edition","Family Edition","Expansion","Level 2","Family","High","What apology would help families like ours grow?","Sage / Clay","Best after trust has warmed up; passing is always allowed.","Allows general framing for safety."
"FAM-20","Family Edition","Family Edition","Expansion","Level 2","Family","High","What does care look like to you when words are hard?","Sage / Clay","Best after trust has warmed up; passing is always allowed.","Practical love language."
"FAM-21","Family Edition","Family Edition","Expansion","Level 3","Family","Medium","What is something you wish we celebrated about each other?","Sage / Clay","Suitable for early playtesting.","Encourages appreciation."
"FAM-22","Family Edition","Family Edition","Expansion","Level 3","Family","Low","What is something you want to learn from someone at this table?","Sage / Clay","Suitable for early playtesting.","Direct curiosity."
"FAM-23","Family Edition","Family Edition","Expansion","Level 3","Family","Medium","What is one story you want future family members to know?","Sage / Clay","Suitable for early playtesting.","Legacy prompt."
"FAM-24","Family Edition","Family Edition","Expansion","Level 3","Family","High","What is a hard season our family came through?","Sage / Clay","Best after trust has warmed up; passing is always allowed.","Resilience and reflection."
"FAM-25","Family Edition","Family Edition","Expansion","Level 3","Family","High","What is one boundary that helps family feel healthier?","Sage / Clay","Best after trust has warmed up; passing is always allowed.","Healthy structure."
"FAM-26","Family Edition","Family Edition","Expansion","Level 3","Family","High","What does forgiveness mean in a family?","Sage / Clay","Best after trust has warmed up; passing is always allowed.","Big but broad."
"FAM-27","Family Edition","Family Edition","Expansion","Level 3","Family","Medium","What is one small way we could stay closer?","Sage / Clay","Suitable for early playtesting.","Actionable closeness."
"FAM-28","Family Edition","Family Edition","Expansion","Level 3","Family","Medium","What is a question you have never asked someone older than you?","Sage / Clay","Suitable for early playtesting.","Intergenerational bridge."
"FAM-29","Family Edition","Family Edition","Expansion","Level 3","Family","Medium","What is a question you have never asked someone younger than you?","Sage / Clay","Suitable for early playtesting.","Intergenerational bridge."
"FAM-30","Family Edition","Family Edition","Expansion","Level 3","Family","High","What should we make more room for in this family?","Sage / Clay","Best after trust has warmed up; passing is always allowed.","Closing growth question."
"COM-01","Community Edition","Community Edition","Expansion","Level 1","Community","Low","What makes a place feel welcoming to you?","Warm Gold / Teal","Suitable for early playtesting.","Starts with shared space."
"COM-02","Community Edition","Community Edition","Expansion","Level 1","Community","Medium","What is one thing you wish more strangers knew about you?","Warm Gold / Teal","Suitable for early playtesting.","Humanizes quickly."
"COM-03","Community Edition","Community Edition","Expansion","Level 1","Community","Low","What is a local place that makes you feel less alone?","Warm Gold / Teal","Suitable for early playtesting.","Maps connection spaces."
"COM-04","Community Edition","Community Edition","Expansion","Level 1","Community","Medium","What is one small act of kindness you still remember?","Warm Gold / Teal","Suitable for early playtesting.","Builds warmth."
"COM-05","Community Edition","Community Edition","Expansion","Level 1","Community","Medium","What do people your age get misunderstood about?","Warm Gold / Teal","Suitable for early playtesting.","Bridges age groups."
"COM-06","Community Edition","Community Edition","Expansion","Level 1","Community","High","What do people from your background get misunderstood about?","Warm Gold / Teal","Best after trust has warmed up; passing is always allowed.","Invites identity with care."
"COM-07","Community Edition","Community Edition","Expansion","Level 1","Community","Medium","What is a community you found when you needed it?","Warm Gold / Teal","Suitable for early playtesting.","Story of belonging."
"COM-08","Community Edition","Community Edition","Expansion","Level 1","Community","High","What is a community you had to leave to grow?","Warm Gold / Teal","Best after trust has warmed up; passing is always allowed.","Story of transition."
"COM-09","Community Edition","Community Edition","Expansion","Level 1","Community","Low","What is one thing that helps you approach someone new?","Warm Gold / Teal","Suitable for early playtesting.","Practical social bridge."
"COM-10","Community Edition","Community Edition","Expansion","Level 1","Community","Medium","What is one thing that makes approaching people hard?","Warm Gold / Teal","Suitable for early playtesting.","Normalizes social friction."
"COM-11","Community Edition","Community Edition","Expansion","Level 2","Community","Medium","What should more public spaces make room for?","Warm Gold / Teal","Suitable for early playtesting.","Civic imagination."
"COM-12","Community Edition","Community Edition","Expansion","Level 2","Community","High","What is a conversation you wish happened more often in your community?","Warm Gold / Teal","Best after trust has warmed up; passing is always allowed.","Mission-aligned depth."
"COM-13","Community Edition","Community Edition","Expansion","Level 2","Community","High","What is one label that never tells the full story?","Warm Gold / Teal","Best after trust has warmed up; passing is always allowed.","Counters assumptions."
"COM-14","Community Edition","Community Edition","Expansion","Level 2","Community","Medium","What is something you learned from someone very different from you?","Warm Gold / Teal","Suitable for early playtesting.","Bridging difference."
"COM-15","Community Edition","Community Edition","Expansion","Level 2","Community","High","What does belonging feel like before anyone says a word?","Warm Gold / Teal","Best after trust has warmed up; passing is always allowed.","Poetic and embodied."
"COM-16","Community Edition","Community Edition","Expansion","Level 2","Community","Medium","What is one rule of friendship you think society forgot?","Warm Gold / Teal","Suitable for early playtesting.","Cultural reflection."
"COM-17","Community Edition","Community Edition","Expansion","Level 2","Community","Medium","What is a reason people seem disconnected right now?","Warm Gold / Teal","Suitable for early playtesting.","Context for the mission."
"COM-18","Community Edition","Community Edition","Expansion","Level 2","Community","Medium","What is a reason people are still trying?","Warm Gold / Teal","Suitable for early playtesting.","Hopeful counterweight."
"COM-19","Community Edition","Community Edition","Expansion","Level 2","Community","Low","What is one topic that could bring strangers together?","Warm Gold / Teal","Suitable for early playtesting.","Event-friendly prompt."
"COM-20","Community Edition","Community Edition","Expansion","Level 2","Community","Medium","What is one topic that divides people too quickly?","Warm Gold / Teal","Suitable for early playtesting.","Names friction carefully."
"COM-21","Community Edition","Community Edition","Expansion","Level 3","Community","Medium","What is something you would ask someone from another generation?","Warm Gold / Teal","Suitable for early playtesting.","Age bridge."
"COM-22","Community Edition","Community Edition","Expansion","Level 3","Community","Medium","What is something you wish another generation asked you?","Warm Gold / Teal","Suitable for early playtesting.","Reciprocal age bridge."
"COM-23","Community Edition","Community Edition","Expansion","Level 3","Community","Low","What is one way technology helps you feel connected?","Warm Gold / Teal","Suitable for early playtesting.","Digital connection."
"COM-24","Community Edition","Community Edition","Expansion","Level 3","Community","Medium","What is one way technology makes connection harder?","Warm Gold / Teal","Suitable for early playtesting.","Digital tension."
"COM-25","Community Edition","Community Edition","Expansion","Level 3","Community","Low","What does a good neighbor do?","Warm Gold / Teal","Suitable for early playtesting.","Simple civic intimacy."
"COM-26","Community Edition","Community Edition","Expansion","Level 3","Community","High","What is one thing people could do to make loneliness easier to name?","Warm Gold / Teal","Best after trust has warmed up; passing is always allowed.","Direct mission prompt."
"COM-27","Community Edition","Community Edition","Expansion","Level 3","Community","Medium","What is a public moment when you felt seen?","Warm Gold / Teal","Suitable for early playtesting.","Story of recognition."
"COM-28","Community Edition","Community Edition","Expansion","Level 3","Community","High","What is a public moment when you felt invisible?","Warm Gold / Teal","Best after trust has warmed up; passing is always allowed.","Story of exclusion."
"COM-29","Community Edition","Community Edition","Expansion","Level 3","Community","Medium","What is one invitation you wish existed?","Warm Gold / Teal","Suitable for early playtesting.","Opportunity for product/community ideas."
"COM-30","Community Edition","Community Edition","Expansion","Level 3","Community","High","What should we build for people who feel outside the circle?","Warm Gold / Teal","Best after trust has warmed up; passing is always allowed.","Strong closing prompt."
"FAC-01","Facilitator Edition","Facilitator Edition","Expansion","Level 1","Facilitator","Low","What level of depth feels right for this room today?","Charcoal / Lavender Clay","Suitable for early playtesting.","Sets consent and pace."
"FAC-02","Facilitator Edition","Facilitator Edition","Expansion","Level 1","Facilitator","Low","What would help everyone feel able to pass honestly?","Charcoal / Lavender Clay","Suitable for early playtesting.","Protects opt-out safety."
"FAC-03","Facilitator Edition","Facilitator Edition","Expansion","Level 1","Facilitator","Low","What is one agreement this group needs before we begin?","Charcoal / Lavender Clay","Suitable for early playtesting.","Creates norms."
"FAC-04","Facilitator Edition","Facilitator Edition","Expansion","Level 1","Facilitator","Medium","What should we do if a card lands too heavily?","Charcoal / Lavender Clay","Suitable for early playtesting.","Plans for intensity."
"FAC-05","Facilitator Edition","Facilitator Edition","Expansion","Level 1","Facilitator","Low","What does respectful listening look like here?","Charcoal / Lavender Clay","Suitable for early playtesting.","Clarifies behavior."
"FAC-06","Facilitator Edition","Facilitator Edition","Expansion","Level 1","Facilitator","Medium","What is one way this group can avoid fixing each other?","Charcoal / Lavender Clay","Suitable for early playtesting.","Supports non-clinical sharing."
"FAC-07","Facilitator Edition","Facilitator Edition","Expansion","Level 1","Facilitator","Medium","What is one question we should not rush?","Charcoal / Lavender Clay","Suitable for early playtesting.","Encourages pacing."
"FAC-08","Facilitator Edition","Facilitator Edition","Expansion","Level 1","Facilitator","Medium","What is one sign the room needs a lighter card?","Charcoal / Lavender Clay","Suitable for early playtesting.","Builds facilitator awareness."
"FAC-09","Facilitator Edition","Facilitator Edition","Expansion","Level 1","Facilitator","Medium","What is one sign the room is ready to go deeper?","Charcoal / Lavender Clay","Suitable for early playtesting.","Builds facilitator awareness."
"FAC-10","Facilitator Edition","Facilitator Edition","Expansion","Level 1","Facilitator","Medium","What is one voice we have not heard enough from?","Charcoal / Lavender Clay","Suitable for early playtesting.","Improves inclusion."
"FAC-11","Facilitator Edition","Facilitator Edition","Expansion","Level 2","Facilitator","High","What pattern is showing up in our answers?","Charcoal / Lavender Clay","Best after trust has warmed up; passing is always allowed.","Group reflection."
"FAC-12","Facilitator Edition","Facilitator Edition","Expansion","Level 2","Facilitator","Medium","What feeling has been named more than once?","Charcoal / Lavender Clay","Suitable for early playtesting.","Tracks shared themes."
"FAC-13","Facilitator Edition","Facilitator Edition","Expansion","Level 2","Facilitator","Medium","What is one moment where the room softened?","Charcoal / Lavender Clay","Suitable for early playtesting.","Notices connection."
"FAC-14","Facilitator Edition","Facilitator Edition","Expansion","Level 2","Facilitator","High","What is one moment where the room pulled back?","Charcoal / Lavender Clay","Best after trust has warmed up; passing is always allowed.","Notices protection."
"FAC-15","Facilitator Edition","Facilitator Edition","Expansion","Level 2","Facilitator","High","What is one assumption we should set down for the next round?","Charcoal / Lavender Clay","Best after trust has warmed up; passing is always allowed.","Encourages openness."
"FAC-16","Facilitator Edition","Facilitator Edition","Expansion","Level 2","Facilitator","Medium","What is one answer that deserves a follow-up later?","Charcoal / Lavender Clay","Suitable for early playtesting.","Captures future depth."
"FAC-17","Facilitator Edition","Facilitator Edition","Expansion","Level 2","Facilitator","High","What is something this group is learning about trust?","Charcoal / Lavender Clay","Best after trust has warmed up; passing is always allowed.","Meta-conversation."
"FAC-18","Facilitator Edition","Facilitator Edition","Expansion","Level 2","Facilitator","High","What is something this group is learning about difference?","Charcoal / Lavender Clay","Best after trust has warmed up; passing is always allowed.","Meta-conversation."
"FAC-19","Facilitator Edition","Facilitator Edition","Expansion","Level 2","Facilitator","High","What is something this group is learning about belonging?","Charcoal / Lavender Clay","Best after trust has warmed up; passing is always allowed.","Meta-conversation."
"FAC-20","Facilitator Edition","Facilitator Edition","Expansion","Level 2","Facilitator","High","What has become easier to say since we started?","Charcoal / Lavender Clay","Best after trust has warmed up; passing is always allowed.","Measures shift."
"FAC-21","Facilitator Edition","Facilitator Edition","Expansion","Level 3","Facilitator","High","What still feels unsaid, even lightly?","Charcoal / Lavender Clay","Best after trust has warmed up; passing is always allowed.","Invites closure without pressure."
"FAC-22","Facilitator Edition","Facilitator Edition","Expansion","Level 3","Facilitator","High","What should be held privately after this round?","Charcoal / Lavender Clay","Best after trust has warmed up; passing is always allowed.","Supports confidentiality."
"FAC-23","Facilitator Edition","Facilitator Edition","Expansion","Level 3","Facilitator","Medium","What is one thing we can thank the group for?","Charcoal / Lavender Clay","Suitable for early playtesting.","Creates appreciation."
"FAC-24","Facilitator Edition","Facilitator Edition","Expansion","Level 3","Facilitator","High","What is one thing the group should not carry alone?","Charcoal / Lavender Clay","Best after trust has warmed up; passing is always allowed.","Encourages support."
"FAC-25","Facilitator Edition","Facilitator Edition","Expansion","Level 3","Facilitator","Medium","What would make the next conversation safer?","Charcoal / Lavender Clay","Suitable for early playtesting.","Improves future sessions."
"FAC-26","Facilitator Edition","Facilitator Edition","Expansion","Level 3","Facilitator","Medium","What would make the next conversation braver?","Charcoal / Lavender Clay","Suitable for early playtesting.","Improves future sessions."
"FAC-27","Facilitator Edition","Facilitator Edition","Expansion","Level 3","Facilitator","Medium","What is one takeaway you want to keep in motion?","Charcoal / Lavender Clay","Suitable for early playtesting.","Turns insight into action."
"FAC-28","Facilitator Edition","Facilitator Edition","Expansion","Level 3","Facilitator","High","What is one thing you are leaving with that you did not arrive with?","Charcoal / Lavender Clay","Best after trust has warmed up; passing is always allowed.","Closing reflection."
"FAC-29","Facilitator Edition","Facilitator Edition","Expansion","Level 3","Facilitator","Medium","What should the final word of this room be?","Charcoal / Lavender Clay","Suitable for early playtesting.","Simple group close."
"FAC-30","Facilitator Edition","Facilitator Edition","Expansion","Level 3","Facilitator","High","What do we want to remember about how this felt?","Charcoal / Lavender Clay","Best after trust has warmed up; passing is always allowed.","Emotional closure."